{
  "files": {
    "EMWA_proposal.txt": {
      "size": 53840,
      "mtime": 1782147459.3734567
    },
    "sample.txt": {
      "size": 20701,
      "mtime": 1782128239.997229
    }
  }
}