{
  "files": {
    "2022-2023-Annual-Report.pdf": {
      "size": 15516562,
      "mtime": 1780596766.423896
    },
    "comapny profile 2026.pptx": {
      "size": 23435111,
      "mtime": 1780987197.9216783
    }
  }
}